<?xml version="1.0" encoding="UTF-8"?>
<beans xmlns="http://www.springframework.org/schema/beans"
	xmlns:xsi="http://www.w3.org/2001/XMLSchema-instance"
	xmlns:context="http://www.springframework.org/schema/context"
	xmlns:mvc="http://www.springframework.org/schema/mvc"
	xsi:schemaLocation="http://www.springframework.org/schema/mvc http://www.springframework.org/schema/mvc/spring-mvc-4.1.xsd
		http://www.springframework.org/schema/beans http://www.springframework.org/schema/beans/spring-beans.xsd
		http://www.springframework.org/schema/context http://www.springframework.org/schema/context/spring-context-4.1.xsd">

<mvc:annotation-driven/>
<context:component-scan base-package="com.viraj"/>
<bean class="org.springframework.web.servlet.view.InternalResourceViewResolver">
<property name="prefix" value="WEB-INF/jsp/"></property>
<property name="suffix" value=".jsp"></property>
</bean>

<bean id="messageSource" class="org.springframework.context.support.ResourceBundleMessageSource" >
	<property name="basename" value="message"/>
</bean>

<bean id="localeResolver" class="org.springframework.web.servlet.i18n.SessionLocaleResolver">
	<property name="defaultLocale" value="en"/>
</bean>


<mvc:interceptors>
	<bean class="org.springframework.web.servlet.i18n.LocaleChangeInterceptor">
		<property name="paramName" value="language"></property>
	</bean>
</mvc:interceptors>



</beans>











